AAAIndicator Name,Unnamed: 0,Country Name,Country Code,AAAIndicator Name,Indicator Code,1994,1995,1996,1997,1998,1999,2000,2001,2002,2003,2004,2005,2006,2007,2008,2009,2010,2011
"Adjusted net enrollment rate, primary (% of primary school age children)",0,Mexico,MEX,"Adjusted net enrollment rate, primary (% of primary school age children)",SE.PRM.TENR,96.96511,96.71876,96.29511,95.69222,95.61656,97.9410705566,98.1992874146,98.1308135986,98.6245803833,97.9010620117,96.6962432861,95.4227294922,94.5855789185,94.4598999023,94.5876312256,95.3815765381,96.3563079834,97.1721725464
Adjusted net national income (constant 2005 US$),2,Mexico,MEX,Adjusted net national income (constant 2005 US$),NY.ADJ.NNTY.KD,5.56407145819e+11,4.96141371298e+11,5.28866497039e+11,5.75519710893e+11,6.01717497206e+11,6.28892785606e+11,6.66455388213e+11,6.67784118364e+11,6.69404139852e+11,6.69607068524e+11,6.92463044132e+11,7.01074422281e+11,7.37259513653e+11,7.64650263886e+11,7.70373407033e+11,7.39281173105e+11,7.94239837252e+11,8.01473782285e+11
Adjusted net national income per capita (constant 2005 US$),5,Mexico,MEX,Adjusted net national income per capita (constant 2005 US$),NY.ADJ.NNTY.PC.KD,6004.58822585,5254.23507077,5498.61815764,5877.09841498,6039.38183947,6210.27043382,6482.48738955,6406.2444157,6340.3574302,6264.54279194,6396.42504661,6388.04372523,6619.14708879,6758.48059656,6700.48277787,6328.61618792,6695.80421125,6658.67966421
Adjusted savings: consumption of fixed capital (% of GNI),11,Mexico,MEX,Adjusted savings: consumption of fixed capital (% of GNI),NY.ADJ.DKAP.GN.ZS,9.99589791002,12.7582791442,11.9747890984,11.1887536459,11.3356080327,10.9850569321,10.45724998,10.6610529148,10.6619053918,10.9274840642,10.6721320626,10.4749615459,10.2901655833,10.354315636,10.7370347324,12.3085200484,11.3564298466,11.3625219645
"Adolescent fertility rate (births per 1,000 women ages 15-19)",25,Mexico,MEX,"Adolescent fertility rate (births per 1,000 women ages 15-19)",SP.ADO.TFRT,81.5532,82.4168,83.2804,84.144,82.6598,81.1756,79.6914,78.2072,76.723,75.6132,74.5034,73.3936,72.2838,71.174,70.1332,69.0924,68.0516,67.0108
Age dependency ratio (% of working-age population),26,Mexico,MEX,Age dependency ratio (% of working-age population),SP.POP.DPND,70.1132401595,68.963819262,68.028233692,67.2019474317,66.4259211937,65.6280502264,64.7766562914,63.9383436377,63.0927773898,62.2524458032,61.4467994206,60.6869168061,59.6844279089,58.7271226464,57.7892710595,56.8429341611,55.8866124413,54.9556345631
"Age dependency ratio, old (% of working-age population)",27,Mexico,MEX,"Age dependency ratio, old (% of working-age population)",SP.POP.DPND.OL,7.7449719674,7.81968302307,7.91056151354,8.00555667535,8.09849968899,8.1817745271,8.25317664212,8.31641598076,8.36974337653,8.42418696531,8.49354011904,8.58445273245,8.67883535548,8.79504361225,8.92229703812,9.04651045668,9.16340392503,9.2649086804
"Age dependency ratio, young (% of working-age population)",28,Mexico,MEX,"Age dependency ratio, young (% of working-age population)",SP.POP.DPND.YG,62.3682681921,61.1441362389,60.1176721784,59.1963907563,58.3274215048,57.4462756993,56.5234796492,55.6219276569,54.7230340133,53.8282588379,52.9532593015,52.1024640736,51.0055925535,49.9320790342,48.8669740213,47.7964237045,46.7232085163,45.6907258827
Agricultural land (% of land area),29,Mexico,MEX,Agricultural land (% of land area),AG.LND.AGRI.ZS,54.6258905836,54.6284626662,54.6876205664,54.6876205664,54.6953368142,54.6958512307,54.6979088968,54.8110805319,54.8110805319,54.8110805319,54.8213688624,54.8213688624,54.8213688624,54.8882430104,54.890815093,54.890815093,54.890815093,54.890815093
Agricultural land (sq. km),30,Mexico,MEX,Agricultural land (sq. km),AG.LND.AGRI.K2,1061900.0,1061950.0,1063100.0,1063100.0,1063250.0,1063260.0,1063300.0,1065500.0,1065500.0,1065500.0,1065700.0,1065700.0,1065700.0,1067000.0,1067050.0,1067050.0,1067050.0,1067050.0
Agriculture value added per worker (constant 2005 US$),35,Mexico,MEX,Agriculture value added per worker (constant 2005 US$),EA.PRD.AGRI.KD,2768.54438722,2765.24003364,2891.51890982,2853.26731526,2900.74197214,3036.07829701,3110.60942988,3226.94331867,3234.55223813,3370.64898406,3477.52029021,3344.14914822,3555.1719991,3733.70665067,3825.78892329,3774.4215804,3850.10044639,3808.9306573
"Agriculture, value added (% of GDP)",36,Mexico,MEX,"Agriculture, value added (% of GDP)",NV.AGR.TOTL.ZS,4.3025022969,4.36766274937,4.71983865605,4.37469987023,4.20636587754,3.95379677346,3.53531324882,3.66546994718,3.57639670988,3.58614159642,3.57519330376,3.37019049174,3.36061604184,3.32006040406,3.29099246539,3.52347050335,3.4602739805,3.35219292353
"Agriculture, value added (constant 2005 US$)",38,Mexico,MEX,"Agriculture, value added (constant 2005 US$)",NV.AGR.TOTL.KD,24108484523.9,23897204370.7,25086818061.6,25157257918.6,25555536774.6,26483710984.8,26931656443.9,27635542581.1,27526039546.5,28320192764.1,29378091411.7,27973807624.9,29909662028.4,30579057469.0,30981238700.8,30206695907.9,30435044028.7,29736321641.5
"Agriculture, value added (constant LCU)",39,Mexico,MEX,"Agriculture, value added (constant LCU)",NV.AGR.TOTL.KN,3.05806e+11,3.03126e+11,3.1821575e+11,3.1910925e+11,3.2416125e+11,3.3593475e+11,3.4161675e+11,3.5054525e+11,3.4915625e+11,3.5922975e+11,3.7264875e+11,3.54836e+11,3.793915e+11,3.878825e+11,3.92984e+11,3.8315925e+11,3.8605575e+11,3.7719275e+11
Alternative and nuclear energy (% of total energy use),45,Mexico,MEX,Alternative and nuclear energy (% of total energy use),EG.USE.COMM.CL.ZS,5.7089719215,7.28646081088,7.30187621204,7.10215303265,6.66861755318,7.02065055796,6.98189793988,6.44284911467,6.29285053742,6.32268181748,6.4010523072,6.85046895929,6.60866819307,6.58568196026,6.71773373113,6.29973523418,6.03665724814,6.33232476637
Arable land (% of land area),46,Mexico,MEX,Arable land (% of land area),AG.LND.ARBL.ZS,11.5995781785,11.6052367602,11.6860001543,11.7209804779,11.744643638,11.7893978755,11.7827104607,11.9092569253,11.9262326706,12.1669796034,11.9416651663,11.9838473212,12.0183132282,12.0985622058,12.2755214898,12.2883819028,12.0923892075,11.8197484503
Arable land (hectares per person),47,Mexico,MEX,Arable land (hectares per person),AG.LND.ARBL.HA.PC,0.243342417369,0.238914853817,0.236188356393,0.232676109698,0.229152596388,0.226313580089,0.222792667422,0.222094177429,0.219590584985,0.221277482094,0.214432542343,0.212268286923,0.209754001911,0.207876349042,0.207553400816,0.204493214486,0.198174735403,0.190893933184
Arable land (hectares),48,Mexico,MEX,Arable land (hectares),AG.LND.ARBL.HA,22549000.0,22560000.0,22717000.0,22785000.0,22831000.0,22918000.0,22905000.0,23151000.0,23184000.0,23652000.0,23214000.0,23296000.0,23363000.0,23519000.0,23863000.0,23888000.0,23507000.0,22977000.0
"Birth rate, crude (per 1,000 people)",65,Mexico,MEX,"Birth rate, crude (per 1,000 people)",SP.DYN.CBRT.IN,26.914,26.529,26.106,25.65,25.168,24.665,24.148,23.627,23.112,22.611,22.128,21.666,21.221,20.789,20.365,19.949,19.544,19.15
Broad money (% of GDP),66,Mexico,MEX,Broad money (% of GDP),FM.LBL.BMNY.GD.ZS,24.0631634653,25.5870625049,23.7488131442,29.563179021,28.8082643438,28.3212560751,23.1819896543,26.3048513383,26.1331766936,26.5877865915,26.607246986,26.9411288868,25.7526106409,26.2138487467,26.5585431196,30.0174938701,30.8216860952,30.9433876784
Cereal yield (kg per hectare),75,Mexico,MEX,Cereal yield (kg per hectare),AG.YLD.CREL.KG,2518.31,2519.633,2552.925,2678.697,2639.258,2708.112,2760.911,2855.208,2913.117,2963.991,3078.566,3130.792,3213.31,3352.824,3451.951,3433.349,3500.63,3239.935
CO2 emissions (kg per 2005 US$ of GDP),85,Mexico,MEX,CO2 emissions (kg per 2005 US$ of GDP),EN.ATM.CO2E.KD.GD,0.526540509169,0.526870783521,0.517629987261,0.508826478298,0.506301547178,0.504413384599,0.478917134603,0.498371384873,0.492963293456,0.5034870543,0.489705433803,0.502614050152,0.489505314645,0.489032619407,0.498701642114,0.496922216528,0.466980178204,0.470493471674
CO2 emissions (kg per 2011 PPP $ of GDP),86,Mexico,MEX,CO2 emissions (kg per 2011 PPP $ of GDP),EN.ATM.CO2E.PP.GD.KD,0.275345343787,0.275518055105,0.270685738923,0.266082094645,0.264761725148,0.263774342857,0.250441515471,0.260614782552,0.257786713743,0.263289934288,0.256083071819,0.262833411716,0.255978422932,0.25573123505,0.260787484921,0.259856964778,0.244199288508,0.246036505173
CO2 emissions (kg per PPP $ of GDP),87,Mexico,MEX,CO2 emissions (kg per PPP $ of GDP),EN.ATM.CO2E.PP.GD,0.424325137767,0.435749639726,0.425295853273,0.410731513827,0.405200471938,0.38908593712,0.360573471803,0.368432527781,0.35865198335,0.358657776513,0.339649491131,0.328693024693,0.303653103534,0.295664244773,0.289162817941,0.276883271772,0.257002282417,0.246036505173
CO2 emissions (kt),88,Mexico,MEX,CO2 emissions (kt),EN.ATM.CO2E.KT,348133.979,328291.842,341482.041,359046.971,374063.336,382607.446,382508.437,395636.297,391859.287,405918.565,411767.43,435437.915,445291.144,458866.378,474491.465,450575.291,445063.79,466548.743
CO2 emissions (metric tons per capita),89,Mexico,MEX,CO2 emissions (metric tons per capita),EN.ATM.CO2E.PC,3.75696323642,3.47667541848,3.55038438181,3.66651974594,3.75443846779,3.7782206507,3.72058829909,3.79545237541,3.71155150381,3.79759166236,3.80358132459,3.96761934574,3.99784272009,4.05576203736,4.12698810791,3.85714959915,3.75209081638,3.87610761081
"CO2 emissions from electricity and heat production, total (% of total fuel combustion)",90,Mexico,MEX,"CO2 emissions from electricity and heat production, total (% of total fuel combustion)",EN.CO2.ETOT.ZS,40.0926998841,39.4847617444,39.2577998837,40.2608777253,41.8777150625,42.480258435,43.3385781719,44.9171428571,44.3886848524,44.7011206256,42.6716191302,43.787749177,42.046893199,41.8824676908,40.330684884,42.3363504526,42.9535340001,44.1063583815
CO2 emissions from gaseous fuel consumption (% of total),91,Mexico,MEX,CO2 emissions from gaseous fuel consumption (% of total),EN.ATM.CO2E.GF.ZS,16.0653907328,17.4072336528,17.9644126585,16.5871743282,16.8035840326,16.6516513638,17.3222383066,17.1330324123,19.3971607977,20.1635123538,20.93953157,20.0277906438,22.1284340207,23.1415922131,23.6577920321,24.6677463723,27.4178132982,27.6053415495
CO2 emissions from liquid fuel consumption (% of total),93,Mexico,MEX,CO2 emissions from liquid fuel consumption (% of total),EN.ATM.CO2E.LF.ZS,73.5909076545,71.1782052141,68.4932830772,69.0510963815,68.9769429849,70.0607640553,68.7597664676,69.5396279578,66.3544230355,65.2143276571,66.4413572001,65.746768285,63.2197443837,61.9024405837,60.055643572,60.7847126708,59.0030485293,58.5259649923
CO2 emissions from liquid fuel consumption (kt),94,Mexico,MEX,CO2 emissions from liquid fuel consumption (kt),EN.ATM.CO2E.LF.KT,256194.955,233672.241,233892.261,247925.87,258017.454,268057.7,263011.908,275124.009,260015.969,264717.063,273583.869,286286.357,281511.923,284049.487,284958.903,273880.896,262601.204,273052.154
CO2 emissions from residential buildings and commercial and public services (% of total fuel combustion),97,Mexico,MEX,CO2 emissions from residential buildings and commercial and public services (% of total fuel combustion),EN.CO2.BLDG.ZS,8.1176773529,8.48964472133,8.06795426652,7.69495448716,7.58001122965,6.99030868629,7.48390788156,7.34571428571,7.27522498528,6.82838183871,6.88645483136,6.26798351349,6.23892236795,5.90099975616,5.88104254845,5.70085512827,5.61563860841,5.36647398844
CO2 intensity (kg per kg of oil equivalent energy use),101,Mexico,MEX,CO2 intensity (kg per kg of oil equivalent energy use),EN.ATM.CO2E.EG.ZS,2.59215765303,2.52660833276,2.56768335808,2.62103204666,2.64480689557,2.60786355073,2.64142153849,2.66482521192,2.62696007655,2.58821056991,2.56036440138,2.58124306418,2.60589127482,2.61443364161,2.62384418967,2.57070563309,2.52491418253,2.54112286713
Combustible renewables and waste (% of total energy),103,Mexico,MEX,Combustible renewables and waste (% of total energy),EG.USE.CRNW.ZS,6.30635866212,6.77508274059,6.62288337042,6.60899627255,6.46820836619,6.13323149277,6.17306347536,5.81403971898,5.70321605432,5.44878529305,5.34806237586,5.26581915842,5.07659485927,4.95044783846,4.78511745174,4.78268983367,4.74407172433,4.50325385791
"Contributing family workers, female (% of females employed)",114,Mexico,MEX,"Contributing family workers, female (% of females employed)",SL.FAM.WORK.FE.ZS,16.7000007629,17.0,16.1000003815,18.0,15.0,14.3999996185,12.6000003815,11.8999996185,12.3999996185,11.3999996185,11.6999998093,10.8999996185,10.3999996185,10.0,9.69999980927,9.0,9.39999961853,9.10000038147
"Contributing family workers, male (% of males employed)",115,Mexico,MEX,"Contributing family workers, male (% of males employed)",SL.FAM.WORK.MA.ZS,9.89999961853,9.19999980927,9.10000038147,8.89999961853,7.90000009537,7.40000009537,6.09999990463,6.0,6.30000019073,6.0,5.69999980927,5.5,5.0,4.90000009537,4.80000019073,4.5,4.90000009537,4.30000019073
"Contributing family workers, total (% of total employed)",116,Mexico,MEX,"Contributing family workers, total (% of total employed)",SL.FAM.WORK.ZS,12.0,11.6999998093,11.3999996185,11.8999996185,10.3000001907,9.69999980927,8.30000019073,8.0,8.39999961853,7.90000009537,7.80000019073,7.40000009537,7.0,6.80000019073,6.69999980927,6.19999980927,6.59999990463,6.09999990463
Crop production index (2004-2006 = 100),117,Mexico,MEX,Crop production index (2004-2006 = 100),AG.PRD.CROP.XD,75.69,79.63,85.24,85.19,88.97,89.58,88.52,95.17,92.71,97.15,99.86,96.93,103.21,105.33,107.97,101.89,106.42,102.3
"Currency composition of PPG debt, U.S. dollars (%)",126,Mexico,MEX,"Currency composition of PPG debt, U.S. dollars (%)",DT.CUR.USDL.ZS,59.7748,65.1709,66.8567,64.1515,75.4853,77.3466,83.9808,88.7334,90.8293,91.761,88.6713,87.9143,86.2831,81.7751,83.7285,69.3786,63.3436,59.0463
"Death rate, crude (per 1,000 people)",129,Mexico,MEX,"Death rate, crude (per 1,000 people)",SP.DYN.CDRT.IN,5.019,4.926,4.842,4.769,4.708,4.66,4.624,4.597,4.575,4.556,4.538,4.522,4.507,4.495,4.488,4.486,4.488,4.496
Electric power consumption (kWh per capita),152,Mexico,MEX,Electric power consumption (kWh per capita),EG.USE.ELEC.KH.PC,1363.22043126,1378.34596493,1445.32676743,1514.63620552,1571.84970709,1610.94623823,1717.44403848,1744.64468927,1753.7505838,1719.34437275,1817.73470373,1869.74865835,1877.56002703,1905.7468004,1908.34666917,1863.5351583,1903.98482545,2074.24448868
"Employment to population ratio, 15+, female (%) (modeled ILO estimate)",162,Mexico,MEX,"Employment to population ratio, 15+, female (%) (modeled ILO estimate)",SL.EMP.TOTL.SP.FE.ZS,35.0,34.5999984741,35.2999992371,37.5,37.7000007629,37.4000015259,37.7999992371,37.2000007629,37.7000007629,37.2000007629,38.9000015259,39.7000007629,40.7999992371,41.2999992371,41.7999992371,40.7000007629,41.5999984741,41.0
"Employment to population ratio, 15+, female (%) (national estimate)",163,Mexico,MEX,"Employment to population ratio, 15+, female (%) (national estimate)",SL.EMP.TOTL.SP.FE.NE.ZS,34.5999984741,34.4000015259,35.0999984741,37.0999984741,37.4000015259,37.0,37.5999984741,36.7999992371,37.2999992371,36.7000007629,38.5,39.0999984741,40.2000007629,40.7999992371,41.2999992371,40.2000007629,40.9000015259,40.4000015259
"Employment to population ratio, 15+, male (%) (modeled ILO estimate)",164,Mexico,MEX,"Employment to population ratio, 15+, male (%) (modeled ILO estimate)",SL.EMP.TOTL.SP.MA.ZS,81.0,77.9000015259,79.4000015259,81.3000030518,81.3000030518,81.5,80.5999984741,80.1999969482,79.4000015259,78.8000030518,78.8000030518,78.0,79.0999984741,78.5999984741,78.4000015259,75.3000030518,76.3000030518,75.1999969482
"Employment to population ratio, 15+, male (%) (national estimate)",165,Mexico,MEX,"Employment to population ratio, 15+, male (%) (national estimate)",SL.EMP.TOTL.SP.MA.NE.ZS,80.9000015259,77.8000030518,79.0999984741,81.0,81.0,81.1999969482,80.0,79.4000015259,78.6999969482,77.8000030518,78.0999984741,77.0,78.3000030518,77.5999984741,77.5999984741,74.4000015259,75.1999969482,74.1999969482
"Employment to population ratio, 15+, total (%) (modeled ILO estimate)",166,Mexico,MEX,"Employment to population ratio, 15+, total (%) (modeled ILO estimate)",SL.EMP.TOTL.SP.ZS,57.0,55.2999992371,56.2999992371,58.2999992371,58.4000015259,58.2999992371,58.0999984741,57.5,57.4000015259,56.7999992371,57.7000007629,57.7000007629,58.7999992371,58.7999992371,59.0,57.0,58.0,57.0999984741
"Employment to population ratio, 15+, total (%) (national estimate)",167,Mexico,MEX,"Employment to population ratio, 15+, total (%) (national estimate)",SL.EMP.TOTL.SP.NE.ZS,56.7999992371,55.2999992371,56.0999984741,58.0,58.2000007629,58.0,57.7000007629,56.7999992371,56.7999992371,56.2000007629,57.2000007629,56.7999992371,58.0,58.0,58.2999992371,56.4000015259,57.2000007629,56.5
"Employment to population ratio, ages 15-24, female (%) (modeled ILO estimate)",168,Mexico,MEX,"Employment to population ratio, ages 15-24, female (%) (modeled ILO estimate)",SL.EMP.1524.SP.FE.ZS,33.4000015259,32.0,32.0,33.0999984741,34.5,34.5,34.2000007629,32.7000007629,31.3999996185,29.8999996185,29.7999992371,31.2000007629,32.0999984741,31.7999992371,31.8999996185,29.2000007629,30.2999992371,29.7000007629
"Employment to population ratio, ages 15-24, female (%) (national estimate)",169,Mexico,MEX,"Employment to population ratio, ages 15-24, female (%) (national estimate)",SL.EMP.1524.SP.FE.NE.ZS,32.7999992371,31.6000003815,31.6000003815,32.9000015259,34.2000007629,34.2000007629,34.0,32.2999992371,31.1000003815,29.6000003815,29.7000007629,30.7999992371,31.7999992371,31.5,31.5,28.7999992371,29.7999992371,29.3999996185
"Employment to population ratio, ages 15-24, male (%) (modeled ILO estimate)",170,Mexico,MEX,"Employment to population ratio, ages 15-24, male (%) (modeled ILO estimate)",SL.EMP.1524.SP.MA.ZS,68.5999984741,65.5999984741,66.4000015259,67.5,68.0999984741,68.1999969482,65.8000030518,64.5,61.7999992371,60.2000007629,60.5,58.7000007629,60.0999984741,59.0999984741,59.0,54.7000007629,56.7999992371,54.9000015259
"Employment to population ratio, ages 15-24, male (%) (national estimate)",171,Mexico,MEX,"Employment to population ratio, ages 15-24, male (%) (national estimate)",SL.EMP.1524.SP.MA.NE.ZS,67.9000015259,65.1999969482,65.6999969482,66.9000015259,67.4000015259,67.3000030518,64.6999969482,63.0,60.5999984741,59.0,59.7999992371,57.5999984741,59.2000007629,57.7999992371,57.9000015259,53.9000015259,56.2000007629,54.5999984741
"Employment to population ratio, ages 15-24, total (%) (modeled ILO estimate)",172,Mexico,MEX,"Employment to population ratio, ages 15-24, total (%) (modeled ILO estimate)",SL.EMP.1524.SP.ZS,50.7999992371,48.5999984741,49.0,50.2000007629,51.2000007629,51.2999992371,49.9000015259,48.5,46.5,44.7999992371,44.9000015259,44.7000007629,45.7999992371,45.2000007629,45.2000007629,41.7000007629,43.4000015259,42.2000007629
"Employment to population ratio, ages 15-24, total (%) (national estimate)",173,Mexico,MEX,"Employment to population ratio, ages 15-24, total (%) (national estimate)",SL.EMP.1524.SP.NE.ZS,50.2999992371,48.2000007629,48.2000007629,49.2000007629,50.2999992371,50.2999992371,48.9000015259,47.2000007629,45.4000015259,44.0999984741,44.2999992371,43.7000007629,44.7999992371,44.2000007629,44.2999992371,41.2000007629,42.9000015259,41.9000015259
Energy intensity level of primary energy (MJ/$2011 PPP GDP),175,Mexico,MEX,Energy intensity level of primary energy (MJ/$2011 PPP GDP),EG.EGY.PRIM.PP.KD,4.4473217091,4.56556322198,4.41373373809,4.25035829108,4.19124892538,4.23477077264,3.96963731875,4.09460996463,4.10855664549,4.25909052789,4.1875625925,4.26318218157,4.11272137861,4.09532501339,4.16131819294,4.23218100698,4.04930037421,4.05374201778
Energy use (kg of oil equivalent per capita),176,Mexico,MEX,Energy use (kg of oil equivalent per capita),EG.USE.PCAP.KG.OE,1449.35753889,1376.02467838,1382.71892858,1398.88398183,1419.55107349,1448.78003669,1408.55529679,1424.2781697,1412.86939872,1467.2653402,1485.56249358,1537.09637066,1534.15561068,1551.29660696,1572.87849795,1500.42445525,1486.02706672,1525.35230033
"Energy use (kg of oil equivalent) per $1,000 GDP (constant 2011 PPP)",177,Mexico,MEX,"Energy use (kg of oil equivalent) per $1,000 GDP (constant 2011 PPP)",EG.USE.COMM.GD.PP.KD,106.222452738,109.046602725,105.420217828,101.518062316,100.106259399,101.145760783,94.8131571661,97.798077482,98.1311882295,101.726628176,100.018212908,101.824355623,98.2306611965,97.8151562082,99.3913761907,101.083905303,96.7158766021,96.821963375
Export volume index (2000 = 100),181,Mexico,MEX,Export volume index (2000 = 100),TX.QTY.MRCH.XD.WD,38.9309766194,48.7866571851,58.2864353744,67.0484318684,75.1095149931,86.2968459395,100.0,100.462761717,99.8163243464,99.7549197566,104.980715985,111.795544701,124.252040735,126.273680999,126.689786184,116.913490516,135.283203871,137.854586528
Exports of goods and services (% of GDP),183,Mexico,MEX,Exports of goods and services (% of GDP),NE.EXP.GNFS.ZS,13.3365503518,25.1735063714,26.7285868505,25.230933232,25.7489271489,25.4816914491,26.2767044119,23.6441256879,23.4625469256,24.8961465738,26.2336856748,26.5677272508,27.5557239686,27.7405852323,27.8981789018,27.2804306179,29.8716509433,31.2643343935
External debt stocks (% of GNI),194,Mexico,MEX,External debt stocks (% of GNI),DT.DOD.DECT.GN.ZS,26.9599588087,50.0679374673,40.7703624556,31.592529961,32.583615339,29.5056414668,22.7719664295,23.339971479,21.8527144151,23.4150208647,22.3163238415,20.6803127042,18.3236107955,19.5035292836,19.0825229847,22.8382623706,25.1432184251,26.2148627321
"Fertility rate, total (births per woman)",204,Mexico,MEX,"Fertility rate, total (births per woman)",SP.DYN.TFRT.IN,3.04,2.966,2.896,2.831,2.77,2.712,2.659,2.61,2.565,2.523,2.484,2.448,2.413,2.379,2.346,2.313,2.281,2.248
Final consumption expenditure (constant 2005 US$),205,Mexico,MEX,Final consumption expenditure (constant 2005 US$),NE.CON.TOTL.KD,5.17124968188e+11,4.80253429972e+11,4.96973935987e+11,5.2304861399e+11,5.4721922757e+11,5.70288586463e+11,6.01086354288e+11,6.08263374443e+11,6.14347193015e+11,6.19639660751e+11,6.51232651513e+11,6.78622092805e+11,7.14016693984e+11,7.3512658081e+11,7.50230763984e+11,7.10917854186e+11,7.46957274323e+11,7.80266316174e+11
Final consumption expenditure (constant LCU),206,Mexico,MEX,Final consumption expenditure (constant LCU),NE.CON.TOTL.KN,6.57073445e+12,6.102234375e+12,6.3146898e+12,6.64600195e+12,6.953120525e+12,7.24624625e+12,7.6375713e+12,7.728764525e+12,7.806067225e+12,7.8733148e+12,8.274744175e+12,8.622762075e+12,9.072495775e+12,9.3407239e+12,9.532641875e+12,9.03312105e+12,9.491048e+12,9.914282e+12
"Final consumption expenditure, etc. (% of GDP)",209,Mexico,MEX,"Final consumption expenditure, etc. (% of GDP)",NE.CON.TETC.ZS,83.0449317413,78.8384971985,78.3044673824,79.2785335618,78.6256711782,78.383678877,78.072171353,80.310210988,81.4718370957,79.5564545918,79.1037998465,79.1698284783,77.7820150422,78.191619499,77.8384332946,78.5670647238,79.1472727764,78.9878413793
"Final consumption expenditure, etc. (constant 2005 US$)",211,Mexico,MEX,"Final consumption expenditure, etc. (constant 2005 US$)",NE.CON.TETC.KD,5.2838716551e+11,4.78682020974e+11,5.02199953812e+11,5.36403702304e+11,5.62374936745e+11,5.81350609672e+11,6.21393547316e+11,6.32802875867e+11,6.32436823886e+11,6.4108893275e+11,6.61933929225e+11,6.85885025162e+11,7.14317245335e+11,7.41659557306e+11,7.57343356196e+11,7.23651636338e+11,7.62019997105e+11,7.8951203849e+11
"Final consumption expenditure, etc. (constant LCU)",212,Mexico,MEX,"Final consumption expenditure, etc. (constant LCU)",NE.CON.TETC.KN,6.656299825e+12,6.030144675e+12,6.326409275e+12,6.757287275e+12,7.084457075e+12,7.32350105e+12,7.8279376e+12,7.971665375e+12,7.967054075e+12,8.076048075e+12,8.33864065e+12,8.640361975e+12,8.998533775e+12,9.342975575e+12,9.540550525e+12,9.11612275e+12,9.599464e+12,9.945792e+12
Food production index (2004-2006 = 100),219,Mexico,MEX,Food production index (2004-2006 = 100),AG.PRD.FOOD.XD,73.69,78.38,76.1,79.42,82.05,87.06,88.35,92.56,92.45,94.86,98.06,98.49,103.44,104.77,105.34,105.09,107.14,107.96
Forest area (% of land area),223,Mexico,MEX,Forest area (% of land area),AG.LND.FRST.ZS,35.4939170246,35.3959721186,35.2980272126,35.2000823066,35.1021374007,35.0041924947,34.9062475887,34.8267187942,34.7471899997,34.6676612053,34.5881324108,34.5086036163,34.4484168832,34.38823015,34.3280434168,34.2678566836,34.2076699504,34.1605493968
Forest area (sq. km),224,Mexico,MEX,Forest area (sq. km),AG.LND.FRST.K2,688750.0,685210.0,681670.0,678130.0,674590.0,671050.0,667510.0,665164.0,662818.0,660472.0,658126.0,655780.0,654228.0,652676.0,651124.0,649572.0,648020.0,646468.0
Fossil fuel energy consumption (% of total),226,Mexico,MEX,Fossil fuel energy consumption (% of total),EG.USE.COMM.FO.ZS,88.0378187257,85.9900811958,86.0688392937,86.1971294942,86.7760403278,86.815402195,86.7931345879,87.7398673289,87.9922881762,88.2760195035,88.3021669186,87.9450907977,88.3537915667,88.5213942348,88.5495088601,88.9618812426,89.2657188185,89.1910260316
GDP (constant 2005 US$),229,Mexico,MEX,GDP (constant 2005 US$),NY.GDP.MKTP.KD,6.61172261085e+11,6.23097450585e+11,6.59702972014e+11,7.05637356375e+11,7.388153129e+11,7.58519614431e+11,7.98694407368e+11,7.93858373512e+11,7.94905609001e+11,8.06214502505e+11,8.40847173784e+11,8.66346483685e+11,9.09675810819e+11,9.38314459589e+11,9.51453584529e+11,9.06732031722e+11,9.53067840505e+11,9.91615763212e+11
GDP (constant LCU),230,Mexico,MEX,GDP (constant LCU),NY.GDP.MKTP.KN,8.51738675e+12,8.0268975e+12,8.498459e+12,9.09019725e+12,9.517604e+12,9.77143975e+12,1.02889815e+13,1.02266825e+13,1.024017325e+13,1.038585725e+13,1.0832004e+13,1.11604925e+13,1.171867175e+13,1.2087602e+13,1.22568635e+13,1.168074925e+13,1.227765875e+13,1.277424275e+13
GDP per capita (constant 2005 US$),235,Mexico,MEX,GDP per capita (constant 2005 US$),NY.GDP.PCAP.KD,7135.18365824,6598.72501421,6858.92330272,7205.83519593,7415.4197014,7490.32592326,7768.75169058,7615.71087469,7529.06261598,7542.58054886,7767.08008946,7893.96823376,8167.10789542,8293.4386714,8275.46524695,7762.07919642,8034.79674621,8238.38765927
GDP per capita (constant LCU),236,Mexico,MEX,GDP per capita (constant LCU),NY.GDP.PCAP.KN,91917.2238862,85006.429203,88358.3687585,92827.3746992,95527.2948183,96492.255539,100079.006044,98107.4959035,96991.2713216,97165.4127204,100057.47206,101692.076931,105210.730499,106838.155212,106606.617054,99993.0493023,103506.265119,106128.974279
GDP per capita (current US$),238,Mexico,MEX,GDP per capita (current US$),NY.GDP.PCAP.CD,5690.67471313,3640.83341887,4131.80570593,4907.33315169,5038.62977471,5722.12213857,6649.71653422,6952.2890393,7023.78727595,6673.1669738,7115.12176873,7893.96823376,8680.60388033,9222.88399705,9578.57056676,7661.20841278,8861.49369731,9730.27775274
"GDP per capita, PPP (constant 2011 international $)",240,Mexico,MEX,"GDP per capita, PPP (constant 2011 international $)",NY.GDP.PCAP.PP.KD,13644.5497307,12618.6845256,13116.2594525,13779.6560525,14180.4426818,14323.6851992,14856.1163755,14563.4577527,14397.7610402,14423.6112658,14852.9197872,15095.5668834,15617.8894858,15859.4707313,15825.1003079,14843.3566229,15364.8720244,15754.197159
"GDP per capita, PPP (current international $)",241,Mexico,MEX,"GDP per capita, PPP (current international $)",NY.GDP.PCAP.PP.CD,8853.9728195,7978.60767173,8348.03432596,8926.80406179,9265.63202118,9710.50426205,10318.5303136,10301.6212989,10348.6155831,10588.3432928,11198.5485741,12070.8960874,13165.8220303,13717.4586006,14272.194943,13930.5981703,14599.4455033,15754.197159
GDP per person employed (constant 1990 PPP $),242,Mexico,MEX,GDP per person employed (constant 1990 PPP $),SL.GDP.PCAP.EM.KD,17841.0,17071.0,17255.0,17421.0,17827.0,18294.0,19108.0,19091.0,18807.0,18931.0,19051.0,19564.0,19869.0,20198.0,19996.0,18966.0,19797.0,20125.0
GDP per unit of energy use (constant 2011 PPP $ per kg of oil equivalent),243,Mexico,MEX,GDP per unit of energy use (constant 2011 PPP $ per kg of oil equivalent),EG.GDP.PUSE.KO.PP.KD,9.41420551142,9.17039114477,9.48584645906,9.85046382079,9.98938533919,9.88672181867,10.5470593944,10.2251498777,10.1904401449,9.8302678259,9.99817904086,9.82083307951,10.1801208281,10.2233645456,10.0612350722,9.89277172266,10.3395640419,10.328235094
GDP per unit of energy use (PPP $ per kg of oil equivalent),244,Mexico,MEX,GDP per unit of energy use (PPP $ per kg of oil equivalent),EG.GDP.PUSE.KO.PP,6.10889485989,5.79830274638,6.03740511063,6.38137556634,6.52715650335,6.70253869887,7.3256125174,7.23287172273,7.32453798808,7.21637934376,7.53825478393,7.85305093283,8.58180352677,8.84257629332,9.07393353113,9.28443822785,9.82448155237,10.328235094
"GDP, PPP (constant 2011 international $)",245,Mexico,MEX,"GDP, PPP (constant 2011 international $)",NY.GDP.MKTP.PP.KD,1.26435397168e+12,1.19154384229e+12,1.26154426295e+12,1.34938418716e+12,1.41283010522e+12,1.45051046988e+12,1.52733637744e+12,1.51808847191e+12,1.52009109124e+12,1.54171699005e+12,1.6079447465e+12,1.65670685533e+12,1.73956515123e+12,1.79433059051e+12,1.819456425e+12,1.73393578804e+12,1.82254335268e+12,1.89625821043e+12
General government final consumption expenditure (% of GDP),247,Mexico,MEX,General government final consumption expenditure (% of GDP),NE.CON.GOVT.ZS,12.5214164135,13.1705458969,12.4547967485,12.1033734527,11.5935719168,11.4052611576,11.249886434,11.3840744063,11.4722331924,11.312110273,10.6780277281,10.6939032727,10.4990368284,10.5646729652,10.8821231282,11.9861405965,11.6581835455,11.5726762295
General government final consumption expenditure (constant 2005 US$),249,Mexico,MEX,General government final consumption expenditure (constant 2005 US$),NE.CON.GOVT.KD,87029540737.2,87574715982.4,87396469539.6,88877380326.9,88201187511.5,89750748662.5,92242135185.1,89351763438.2,88288312063.4,87808654132.5,89905721836.0,92646254971.3,95794440865.9,98144110444.8,1.011224028e+11,1.03395997844e+11,1.05164927423e+11,1.07740055258e+11
General government final consumption expenditure (constant LCU),250,Mexico,MEX,General government final consumption expenditure (constant LCU),NE.CON.GOVT.KN,1.1479218e+12,1.155112675e+12,1.1527616e+12,1.17229485e+12,1.16337585e+12,1.1838146e+12,1.21667605e+12,1.178551975e+12,1.164525025e+12,1.158198325e+12,1.1858587e+12,1.2220064e+12,1.26353105e+12,1.29452325e+12,1.333807e+12,1.363795775e+12,1.387128e+12,1.421094e+12
GNI (constant 2005 US$),254,Mexico,MEX,GNI (constant 2005 US$),NY.GNP.MKTP.KD,6.45376903028e+11,5.99877098198e+11,6.37420309862e+11,6.87584181425e+11,7.20125505224e+11,7.42198430342e+11,7.81380581608e+11,7.78836212997e+11,7.81404707612e+11,7.92275776864e+11,8.29359644994e+11,8.50653641056e+11,8.89892775443e+11,9.16866142261e+11,9.33970573591e+11,8.91424179771e+11,9.48872749636e+11,9.7362272369e+11
GNI (constant LCU),255,Mexico,MEX,GNI (constant LCU),NY.GNP.MKTP.KN,8.31705211004e+12,7.73069048787e+12,8.21451450811e+12,8.86098253613e+12,9.28034660772e+12,9.56480312851e+12,1.00697483664e+13,1.00369587729e+13,1.00700592813e+13,1.02101560976e+13,1.06880605008e+13,1.09624788663e+13,1.14681584528e+13,1.18157675729e+13,1.20361944987e+13,1.14878938501e+13,1.22282406877e+13,1.25471966698e+13
GNI per capita (constant 2005 US$),259,Mexico,MEX,GNI per capita (constant 2005 US$),NY.GNP.PCAP.KD,6964.72463066,6352.81689824,6627.25075133,7021.47958851,7227.83186227,7329.15541962,7600.34333325,7471.59898394,7401.18688988,7412.17609623,7660.96739868,7750.97832897,7989.49496728,8103.86437405,8123.40312665,7631.03633589,7999.43021611,8088.90069038
GNI per capita (constant LCU),260,Mexico,MEX,GNI per capita (constant LCU),NY.GNP.PCAP.KN,89755.2692287,81869.5384671,85406.2015336,90486.6774023,93145.964721,94451.7339583,97946.5662008,96287.42182,95380.01244,95521.6317038,98727.8360431,99887.8180539,102961.611524,104435.504239,104687.302564,98342.1107285,103089.648306,104242.665393
"GNI per capita, PPP (constant 2011 international $)",264,Mexico,MEX,"GNI per capita, PPP (constant 2011 international $)",NY.GNP.PCAP.PP.KD,13321.21939,12150.8418687,12675.743248,13429.7728914,13824.456681,14018.2552026,14536.9481711,14290.7027251,14156.0276299,14177.0463545,14652.9019982,14825.0631982,15281.2668007,15500.0177262,15537.3889108,14595.6537543,15300.2696524,15471.3971384
"GNI, PPP (constant 2011 international $)",267,Mexico,MEX,"GNI, PPP (constant 2011 international $)",NY.GNP.MKTP.PP.KD,1.23439299763e+12,1.14736688899e+12,1.21917466111e+12,1.31512158995e+12,1.37736240155e+12,1.41958062175e+12,1.49452314437e+12,1.48965660703e+12,1.49456928945e+12,1.51536205675e+12,1.5862912563e+12,1.62701964232e+12,1.70207115484e+12,1.75366230254e+12,1.78637743405e+12,1.70500022585e+12,1.81488037811e+12,1.86221890931e+12
Gross domestic income (constant LCU),282,Mexico,MEX,Gross domestic income (constant LCU),NY.GDY.TOTL.KN,8.13307988504e+12,7.53437670904e+12,8.02554271677e+12,8.58780650382e+12,8.98402083238e+12,9.33694477612e+12,9.98543947339e+12,9.93143215322e+12,9.93404167644e+12,1.01210026851e+13,1.0534286183e+13,1.09330290648e+13,1.15732645844e+13,1.19723989123e+13,1.22568635481e+13,1.15557714732e+13,1.21705633204e+13,1.26538361228e+13
Gross domestic savings (constant LCU),284,Mexico,MEX,Gross domestic savings (constant LCU),NY.GDS.TOTL.KN,1.47678006004e+12,1.50423203404e+12,1.69913344177e+12,1.83051922882e+12,1.89956375738e+12,2.01344372612e+12,2.15750187339e+12,1.95976677822e+12,1.96698760144e+12,2.04495461005e+12,2.19564553296e+12,2.29266708977e+12,2.57473080938e+12,2.6294233373e+12,2.71631302312e+12,2.43964872324e+12,2.5710986204e+12,2.70748127309e+12
Gross national expenditure (% of GDP),298,Mexico,MEX,Gross national expenditure (% of GDP),NE.DAB.TOTL.ZS,102.624047338,95.7645822325,97.2669520725,98.8582918495,100.278243733,100.305518201,100.577642439,101.239795565,101.445989734,101.442977283,101.759041513,101.440991735,101.250850896,101.583581342,102.274729384,101.473932507,101.203233068,101.247854478
Gross national expenditure (constant 2005 US$),299,Mexico,MEX,Gross national expenditure (constant 2005 US$),NE.DAB.TOTL.KD,6.54502708377e+11,5.77736716086e+11,6.21204028354e+11,6.72048255667e+11,7.110722476e+11,7.3997919588e+11,7.94497370566e+11,7.95287215347e+11,7.97695926094e+11,8.12051744046e+11,8.48403368618e+11,8.78830464914e+11,9.29242196546e+11,9.64695050983e+11,9.93770135021e+11,9.26894964191e+11,9.77164946066e+11,1.01720534167e+12
Gross national expenditure (constant LCU),300,Mexico,MEX,Gross national expenditure (constant LCU),NE.DAB.TOTL.KN,8.33184905e+12,7.3380986e+12,7.873329575e+12,8.51419285e+12,9.00299245e+12,9.360974525e+12,1.0038269275e+13,1.005306085e+13,1.0079640375e+13,1.0261696275e+13,1.0711335e+13,1.108915815e+13,1.17184697e+13,1.2163689925e+13,1.2535674025e+13,1.1712001575e+13,1.2312723325e+13,1.280609375e+13
Gross value added at factor cost (constant 2005 US$),308,Mexico,MEX,Gross value added at factor cost (constant 2005 US$),NY.GDP.FCST.KD,6.33465583129e+11,5.96986319397e+11,6.32057855286e+11,6.760673418e+11,7.07854987274e+11,7.26733540368e+11,7.65224806254e+11,7.60591413138e+11,7.61594752003e+11,7.72429781213e+11,8.05626204148e+11,8.3003639389e+11,8.71548325217e+11,8.98965077358e+11,9.11541211999e+11,8.68697010781e+11,9.13066306158e+11,9.50031275596e+11
Gross value added at factor cost (constant LCU),309,Mexico,MEX,Gross value added at factor cost (constant LCU),NY.GDP.FCST.KN,8.298406e+12,7.82052725e+12,8.27996475e+12,8.8564895e+12,9.272908e+12,9.52021725e+12,1.002445325e+13,9.96375575e+12,9.9768995e+12,1.01188385e+13,1.0553712e+13,1.087348575e+13,1.14172925e+13,1.177645225e+13,1.194119975e+13,1.137994025e+13,1.19611785e+13,1.244542e+13
Household final consumption expenditure (constant 2005 US$),316,Mexico,MEX,Household final consumption expenditure (constant 2005 US$),NE.CON.PRVT.KD,4.29366584379e+11,3.9170240315e+11,4.08710317522e+11,4.33396296924e+11,4.58419469006e+11,4.80010234282e+11,5.08392607322e+11,5.1863167162e+11,5.25862955901e+11,5.31688407967e+11,5.61282629496e+11,5.85975837834e+11,6.18296948081e+11,6.37080775845e+11,6.49166023866e+11,6.07240598257e+11,6.41650790041e+11,6.72472268068e+11
Household final consumption expenditure (constant LCU),317,Mexico,MEX,Household final consumption expenditure (constant LCU),NE.CON.PRVT.KN,5.42281265e+12,4.9471217e+12,5.1619282e+12,5.4737071e+12,5.789744675e+12,6.06243165e+12,6.42089525e+12,6.55021255e+12,6.6415422e+12,6.715116475e+12,7.088885475e+12,7.400755675e+12,7.808964725e+12,8.04620065e+12,8.198834875e+12,7.669325275e+12,8.103919e+12,8.493188e+12
Household final consumption expenditure per capita (constant 2005 US$),320,Mexico,MEX,Household final consumption expenditure per capita (constant 2005 US$),NE.CON.PRVT.PC.KD,4633.60249147,4148.20577963,4249.35590688,4425.7609974,4601.11302868,4740.06608777,4945.04016952,4975.38225117,4980.78649536,4974.23778848,5184.68429465,5339.28946065,5551.09614473,5630.93778338,5646.25637798,5198.28289952,5409.40892234,5586.92937324
"Household final consumption expenditure, etc. (% of GDP)",322,Mexico,MEX,"Household final consumption expenditure, etc. (% of GDP)",NE.CON.PETC.ZS,70.5235153278,65.6679513016,65.849670634,67.1751601091,67.0320992614,66.9784177194,66.822284919,68.9261365816,69.9996039033,68.2443443188,68.4257721184,68.4759252057,67.2829782138,67.6269465338,66.9563101665,66.5809241273,67.489089231,67.4151651498
"Household final consumption expenditure, etc. (constant 2005 US$)",324,Mexico,MEX,"Household final consumption expenditure, etc. (constant 2005 US$)",NE.CON.PETC.KD,4.40499700002e+11,3.89851626695e+11,4.13731635412e+11,4.46626479984e+11,4.73503178515e+11,4.90984828393e+11,5.28696236204e+11,5.43238753985e+11,5.43991714472e+11,5.53213800088e+11,5.72001102476e+11,5.9323877019e+11,6.18560738644e+11,6.43627002096e+11,6.56285397325e+11,6.19946142277e+11,6.56732622179e+11,6.81711911304e+11
"Household final consumption expenditure, etc. (constant LCU)",325,Mexico,MEX,"Household final consumption expenditure, etc. (constant LCU)",NE.CON.PETC.KN,5.508378025e+12,4.875032e+12,5.173647675e+12,5.584992425e+12,5.921081225e+12,6.13968645e+12,6.61126155e+12,6.7931134e+12,6.80252905e+12,6.91784975e+12,7.15278195e+12,7.418355575e+12,7.735002725e+12,8.048452325e+12,8.206743525e+12,7.752326975e+12,8.212336e+12,8.524698e+12
"Household final consumption expenditure, PPP (constant 2011 international $)",328,Mexico,MEX,"Household final consumption expenditure, PPP (constant 2011 international $)",NE.CON.PRVT.PP.KD,6.88647752483e+11,6.2823933996e+11,6.55517806504e+11,6.95110883494e+11,7.35244773372e+11,7.69873532392e+11,8.15395140535e+11,8.31817258309e+11,8.43415290966e+11,8.5275855292e+11,9.00223807284e+11,9.39828478541e+11,9.91667305174e+11,1.02179410414e+12,1.04117725875e+12,9.73934368485e+11,1.02912380822e+12,1.07855742123e+12
"Immunization, DPT (% of children ages 12-23 months)",337,Mexico,MEX,"Immunization, DPT (% of children ages 12-23 months)",SH.IMM.IDPT,91.0,91.0,95.0,95.0,96.0,96.0,97.0,97.0,97.0,98.0,98.0,98.0,98.0,98.0,96.0,95.0,95.0,97.0
"Immunization, measles (% of children ages 12-23 months)",338,Mexico,MEX,"Immunization, measles (% of children ages 12-23 months)",SH.IMM.MEAS,90.0,90.0,93.0,91.0,96.0,94.0,96.0,95.0,96.0,96.0,96.0,96.0,96.0,96.0,96.0,96.0,95.0,98.0
Imports of goods and services (% of GDP),341,Mexico,MEX,Imports of goods and services (% of GDP),NE.IMP.GNFS.ZS,15.9605976901,20.9380886039,23.995538923,24.0892250815,26.027170882,25.7872096499,26.8543468508,24.8839212525,24.9085366593,26.3391238572,27.992727188,28.008718986,28.806574865,29.3241665743,30.1729082856,28.7543631252,31.0748840108,32.5121888715
Improved sanitation facilities (% of population with access),347,Mexico,MEX,Improved sanitation facilities (% of population with access),SH.STA.ACSN,69.8,70.7,71.5,72.3,73.1,73.9,74.7,75.5,76.3,77.1,77.8,78.6,79.4,80.1,80.9,81.6,82.3,83.0
"Improved sanitation facilities, rural (% of rural population with access)",348,Mexico,MEX,"Improved sanitation facilities, rural (% of rural population with access)",SH.STA.ACSN.RU,41.2,42.8,44.5,46.2,47.8,49.5,51.2,52.8,54.5,56.2,57.8,59.5,61.2,62.8,64.5,66.1,67.8,69.5
"Improved sanitation facilities, urban (% of urban population with access)",349,Mexico,MEX,"Improved sanitation facilities, urban (% of urban population with access)",SH.STA.ACSN.UR,80.4,80.8,81.1,81.5,81.9,82.3,82.7,83.0,83.4,83.8,84.2,84.6,84.9,85.3,85.7,86.1,86.4,86.8
Improved water source (% of population with access),350,Mexico,MEX,Improved water source (% of population with access),SH.H2O.SAFE.ZS,85.0,85.6,86.2,86.8,87.4,88.0,88.6,89.2,89.7,90.3,90.9,91.4,92.0,92.5,93.0,93.6,94.1,94.6
"Improved water source, rural (% of rural population with access)",351,Mexico,MEX,"Improved water source, rural (% of rural population with access)",SH.H2O.SAFE.RU.ZS,64.8,66.2,67.5,68.9,70.3,71.6,73.0,74.4,75.7,77.1,78.5,79.8,81.2,82.6,83.9,85.3,86.7,88.0
"Improved water source, urban (% of urban population with access)",352,Mexico,MEX,"Improved water source, urban (% of urban population with access)",SH.H2O.SAFE.UR.ZS,92.4,92.7,92.9,93.1,93.4,93.6,93.8,94.1,94.3,94.5,94.8,95.0,95.3,95.5,95.7,96.0,96.2,96.4
"Incidence of tuberculosis (per 100,000 people)",353,Mexico,MEX,"Incidence of tuberculosis (per 100,000 people)",SH.TBS.INCD,47.0,43.0,40.0,37.0,34.0,31.0,29.0,27.0,25.0,23.0,22.0,21.0,20.0,20.0,20.0,20.0,21.0,21.0
"Industry, value added (% of GDP)",361,Mexico,MEX,"Industry, value added (% of GDP)",NV.IND.TOTL.ZS,30.9929689782,32.4700991232,34.6885539351,34.5701901867,33.8022807739,34.0627445401,34.8580098567,33.0251016418,32.8761127606,33.7122856426,35.378760165,35.1727900781,36.3669658238,36.0999739258,36.5558511031,34.2895381145,35.0863423652,36.3221534089
"Industry, value added (constant 2005 US$)",363,Mexico,MEX,"Industry, value added (constant 2005 US$)",NV.IND.TOTL.KD,2.2223409958e+11,2.04004251109e+11,2.23099475895e+11,2.44003877213e+11,2.57636104573e+11,2.61842134753e+11,2.7416712675e+11,2.70096783488e+11,2.70134718034e+11,2.73746463826e+11,2.84951408852e+11,2.91946958395e+11,3.04663382748e+11,3.0909243916e+11,3.07649129251e+11,2.88536337934e+11,3.01686868805e+11,3.12046294569e+11
"Industry, value added (constant LCU)",364,Mexico,MEX,"Industry, value added (constant LCU)",NV.IND.TOTL.KN,3.1532605e+12,2.89459875e+12,3.16553925e+12,3.46215e+12,3.6555765e+12,3.7152555e+12,3.89013375e+12,3.83238e+12,3.83291825e+12,3.884165e+12,4.043151e+12,4.14241025e+12,4.3228425e+12,4.385686e+12,4.365207e+12,4.09401725e+12,4.280609e+12,4.427598e+12
Internet users (per 100 people),387,Mexico,MEX,Internet users (per 100 people),IT.NET.USER.P2,0.0433391667852,0.102564189853,0.20040628033,0.62731153956,1.26578327821,1.85743622125,5.08138415338,7.0380231165,11.9,12.9,14.1,17.21,19.52,20.81,21.71,26.34,31.05,37.1762954125
"Labor force participation rate for ages 15-24, female (%) (modeled ILO estimate)",391,Mexico,MEX,"Labor force participation rate for ages 15-24, female (%) (modeled ILO estimate)",SL.TLF.ACTI.1524.FE.ZS,36.2999992371,37.7000007629,36.4000015259,37.0,37.7000007629,36.7999992371,36.5,35.0,34.0999984741,32.5,33.4000015259,33.7000007629,34.5999984741,34.4000015259,34.7999992371,32.5999984741,33.7000007629,33.2000007629
"Labor force participation rate for ages 15-24, female (%) (national estimate)",392,Mexico,MEX,"Labor force participation rate for ages 15-24, female (%) (national estimate)",SL.TLF.ACTI.1524.FE.NE.ZS,35.7999992371,37.2999992371,36.0,36.7000007629,37.4000015259,36.5,36.2999992371,34.5999984741,33.7999992371,32.2999992371,33.2000007629,33.2999992371,34.2999992371,34.0999984741,34.4000015259,32.2000007629,33.0999984741,32.7999992371
"Labor force participation rate for ages 15-24, male (%) (modeled ILO estimate)",393,Mexico,MEX,"Labor force participation rate for ages 15-24, male (%) (modeled ILO estimate)",SL.TLF.ACTI.1524.MA.ZS,73.1999969482,72.1999969482,71.8000030518,71.5,71.8000030518,70.1999969482,68.9000015259,67.0,65.0,63.5,64.4000015259,62.5,63.5999984741,63.0,62.9000015259,60.5,62.4000015259,60.7000007629
"Labor force participation rate for ages 15-24, male (%) (national estimate)",394,Mexico,MEX,"Labor force participation rate for ages 15-24, male (%) (national estimate)",SL.TLF.ACTI.1524.MA.NE.ZS,72.5999984741,71.8000030518,71.0999984741,70.9000015259,71.0999984741,69.3000030518,67.6999969482,65.5,63.5999984741,62.0999984741,63.5,61.2999992371,62.5999984741,61.7000007629,61.7999992371,59.5999984741,61.7000007629,60.4000015259
"Labor force participation rate for ages 15-24, total (%) (modeled ILO estimate)",395,Mexico,MEX,"Labor force participation rate for ages 15-24, total (%) (modeled ILO estimate)",SL.TLF.ACTI.1524.ZS,54.5999984741,54.7000007629,53.9000015259,54.0999984741,54.7000007629,53.4000015259,52.5999984741,50.9000015259,49.4000015259,47.7999992371,48.5999984741,47.7999992371,48.7999992371,48.4000015259,48.5999984741,46.4000015259,47.9000015259,46.9000015259
"Labor force participation rate for ages 15-24, total (%) (national estimate)",396,Mexico,MEX,"Labor force participation rate for ages 15-24, total (%) (national estimate)",SL.TLF.ACTI.1524.NE.ZS,54.0999984741,54.4000015259,53.0999984741,53.0999984741,53.7999992371,52.4000015259,51.5,49.5999984741,48.2000007629,47.0,48.0,46.7999992371,47.7999992371,47.4000015259,47.7000007629,45.7999992371,47.2999992371,46.5
"Labor force participation rate, female (% of female population ages 15-64) (modeled ILO estimate)",397,Mexico,MEX,"Labor force participation rate, female (% of female population ages 15-64) (modeled ILO estimate)",SL.TLF.ACTI.FE.ZS,38.5,39.7999992371,39.7999992371,42.0,41.7000007629,40.7999992371,41.2000007629,40.5999984741,41.2999992371,40.7999992371,43.2000007629,43.5,44.7999992371,45.5999984741,46.2000007629,45.5,46.7000007629,46.2000007629
"Labor force participation rate, female (% of female population ages 15+) (modeled ILO estimate)",398,Mexico,MEX,"Labor force participation rate, female (% of female population ages 15+) (modeled ILO estimate)",SL.TLF.CACT.FE.ZS,36.7000007629,37.9000015259,37.9000015259,39.9000015259,39.5999984741,38.7999992371,39.0999984741,38.4000015259,39.0999984741,38.5999984741,40.7999992371,41.0999984741,42.2000007629,42.9000015259,43.5,42.7999992371,43.7999992371,43.2000007629
"Labor force participation rate, female (% of female population ages 15+) (national estimate)",399,Mexico,MEX,"Labor force participation rate, female (% of female population ages 15+) (national estimate)",SL.TLF.CACT.FE.NE.ZS,36.2999992371,37.7000007629,37.5999984741,39.5999984741,39.4000015259,38.4000015259,38.9000015259,38.0,38.5999984741,38.0999984741,40.4000015259,40.5999984741,41.7000007629,42.4000015259,43.0,42.2000007629,43.0999984741,42.5999984741
"Labor force participation rate, male (% of male population ages 15-64) (modeled ILO estimate)",400,Mexico,MEX,"Labor force participation rate, male (% of male population ages 15-64) (modeled ILO estimate)",SL.TLF.ACTI.MA.ZS,86.3000030518,85.1999969482,85.4000015259,86.1999969482,86.0,85.4000015259,85.0,84.5,84.0,83.5,84.0999984741,83.5,84.4000015259,84.0999984741,83.9000015259,82.8000030518,83.5999984741,82.6999969482
"Labor force participation rate, male (% of male population ages 15+) (modeled ILO estimate)",401,Mexico,MEX,"Labor force participation rate, male (% of male population ages 15+) (modeled ILO estimate)",SL.TLF.CACT.MA.ZS,84.3000030518,82.9000015259,83.0999984741,83.8000030518,83.8000030518,83.0999984741,82.4000015259,81.9000015259,81.5,80.9000015259,81.3000030518,80.8000030518,81.5,81.1999969482,81.0999984741,79.6999969482,80.5,79.4000015259
"Labor force participation rate, male (% of male population ages 15+) (national estimate)",402,Mexico,MEX,"Labor force participation rate, male (% of male population ages 15+) (national estimate)",SL.TLF.CACT.MA.NE.ZS,84.3000030518,82.8000030518,82.8000030518,83.4000015259,83.4000015259,82.8000030518,81.8000030518,81.0999984741,80.6999969482,79.9000015259,80.5999984741,79.8000030518,80.6999969482,80.1999969482,80.1999969482,78.5999984741,79.3000030518,78.4000015259
"Labor force participation rate, total (% of total population ages 15-64) (modeled ILO estimate)",403,Mexico,MEX,"Labor force participation rate, total (% of total population ages 15-64) (modeled ILO estimate)",SL.TLF.ACTI.ZS,61.5,61.5,61.5999984741,63.0999984741,62.7999992371,62.0999984741,62.0999984741,61.5,61.5999984741,61.0,62.5,62.4000015259,63.5,63.7999992371,64.0999984741,63.2000007629,64.1999969482,63.5999984741
"Labor force participation rate, total (% of total population ages 15+) (modeled ILO estimate)",404,Mexico,MEX,"Labor force participation rate, total (% of total population ages 15+) (modeled ILO estimate)",SL.TLF.CACT.ZS,59.5,59.4000015259,59.4000015259,60.7999992371,60.5999984741,59.7999992371,59.5999984741,59.0,59.0999984741,58.5,59.9000015259,59.7999992371,60.7000007629,60.9000015259,61.2000007629,60.0999984741,61.0999984741,60.2999992371
"Labor force participation rate, total (% of total population ages 15+) (national estimate)",405,Mexico,MEX,"Labor force participation rate, total (% of total population ages 15+) (national estimate)",SL.TLF.CACT.NE.ZS,59.4000015259,59.2999992371,59.2000007629,60.4000015259,60.4000015259,59.5,59.2000007629,58.2999992371,58.4000015259,57.9000015259,59.2999992371,58.9000015259,59.7999992371,60.0,60.4000015259,59.4000015259,60.2999992371,59.5999984741
"Labor force, female (% of total labor force)",406,Mexico,MEX,"Labor force, female (% of total labor force)",SL.TLF.TOTL.FE.ZS,31.4579621849,32.5470649736,32.5393040905,33.4609223916,33.312839533,33.0703063332,33.4306784141,33.1597293444,33.6964725969,33.5945620232,34.6675073485,34.9704941973,35.3594597325,35.8143545314,36.1250641676,36.1835625583,36.4134107864,36.3830715349
"Labor force, total",407,Mexico,MEX,"Labor force, total",SL.TLF.TOTL.IN,34920892.0,35792063.0,36691092.0,38459672.0,39216738.0,39553734.0,40255073.0,40634819.0,41460586.0,41785099.0,43577324.0,44349073.0,46013944.0,47226857.0,48571994.0,48811501.0,50752609.0,51179005.0
Land area (sq. km),408,Mexico,MEX,Land area (sq. km),AG.LND.TOTL.K2,1943950.0,1943950.0,1943950.0,1943950.0,1943950.0,1943950.0,1943950.0,1943950.0,1943950.0,1943950.0,1943950.0,1943950.0,1943950.0,1943950.0,1943950.0,1943950.0,1943950.0,1943950.0
Land under cereal production (hectares),409,Mexico,MEX,Land under cereal production (hectares),AG.LND.CREL.HA,10646413.0,10669667.0,11481873.0,10477310.0,11035255.0,10130919.0,10139789.0,10878643.0,9877131.0,10572308.0,10496782.0,9282902.0,10007761.0,10234516.0,10460880.0,9112577.0,9977156.0,8768533.0
"Life expectancy at birth, female (years)",411,Mexico,MEX,"Life expectancy at birth, female (years)",SP.DYN.LE00.FE.IN,75.079,75.373,75.658,75.936,76.206,76.471,76.732,76.99,77.246,77.501,77.754,78.004,78.25,78.488,78.719,78.941,79.156,79.364
"Life expectancy at birth, male (years)",412,Mexico,MEX,"Life expectancy at birth, male (years)",SP.DYN.LE00.MA.IN,69.778,70.229,70.649,71.029,71.365,71.658,71.916,72.15,72.374,72.602,72.839,73.087,73.343,73.6,73.853,74.1,74.342,74.581
"Life expectancy at birth, total (years)",413,Mexico,MEX,"Life expectancy at birth, total (years)",SP.DYN.LE00.IN,72.3638536585,72.7382682927,73.0924146341,73.4226585366,73.7264634146,74.005804878,74.2652682927,74.5109756098,74.7505853659,74.9917560976,75.2365609756,75.4855365854,75.7366585366,75.9843902439,76.2266585366,76.4614634146,76.6902926829,76.9141707317
"Listed domestic companies, total",414,Mexico,MEX,"Listed domestic companies, total",CM.MKT.LDOM.NO,206.0,185.0,193.0,198.0,194.0,188.0,179.0,168.0,166.0,159.0,152.0,151.0,131.0,125.0,125.0,125.0,130.0,128.0
Livestock production index (2004-2006 = 100),415,Mexico,MEX,Livestock production index (2004-2006 = 100),AG.PRD.LVSK.XD,70.78,76.31,69.91,73.39,77.79,82.75,86.78,89.31,91.09,93.77,97.47,99.18,103.35,103.78,104.45,106.85,109.39,114.31
Lower secondary school starting age (years),419,Mexico,MEX,Lower secondary school starting age (years),SE.SEC.AGES,12.0,12.0,12.0,12.0,12.0,12.0,12.0,12.0,12.0,12.0,12.0,12.0,12.0,12.0,12.0,12.0,12.0,12.0
Manufactures exports (% of merchandise exports),421,Mexico,MEX,Manufactures exports (% of merchandise exports),TX.VAL.MANF.ZS.UN,77.381705694,77.6533689317,78.3023814659,80.829758904,85.2361482588,85.1809200932,83.5389382214,85.1480144377,84.0572265498,81.4819576523,79.9349522858,77.147832151,75.9928498336,72.1427116743,73.5701169082,76.0302044024,76.021448341,72.3161392523
"Manufacturing, value added (% of GDP)",423,Mexico,MEX,"Manufacturing, value added (% of GDP)",NV.IND.MANF.ZS,17.1523299403,19.1107928025,20.344795816,20.8972883285,21.2231729194,20.6819727157,20.3046766862,19.4112312476,18.8238990196,18.1795200301,18.240957894,17.2417888043,18.0775377969,17.3807828717,16.9769785627,16.6380003798,17.265879761,17.0450666434
"Manufacturing, value added (constant LCU)",426,Mexico,MEX,"Manufacturing, value added (constant LCU)",NV.IND.MANF.KN,1.44295675e+12,1.3676745e+12,1.49513175e+12,1.65207525e+12,1.769095e+12,1.81704825e+12,1.9220515e+12,1.862165e+12,1.84963325e+12,1.82442025e+12,1.88952575e+12,1.941123e+12,2.0284825e+12,2.04791e+12,2.027255e+12,1.85790675e+12,2.01670425e+12,2.10931525e+12
Merchandise exports to high-income economies (% of total merchandise exports),443,Mexico,MEX,Merchandise exports to high-income economies (% of total merchandise exports),TX.VAL.MRCH.HI.ZS,95.5643078069,94.6367728389,94.4792658868,95.1669663796,95.8288550905,96.4210870299,96.3503951029,96.0360188878,95.3637332079,95.0435624,95.0550138687,94.4298475986,94.0428511173,92.9615750466,91.9832937551,92.3961240227,92.0228340527,90.7373567725
Merchandise imports from high-income economies (% of total merchandise imports),455,Mexico,MEX,Merchandise imports from high-income economies (% of total merchandise imports),TM.VAL.MRCH.HI.ZS,94.6004251552,95.6630958255,95.3614085459,94.6716831831,94.4109499016,94.4126765701,92.1839749481,91.6828833785,89.7259385859,86.8257127193,83.9050446947,82.7712365895,81.4116910399,80.7353568604,80.2767619274,77.527924182,75.7830629529,75.9973170923
Merchandise trade (% of GDP),456,Mexico,MEX,Merchandise trade (% of GDP),TG.VAL.TOTL.GD.ZS,27.0932326421,44.7855439878,47.301688115,46.5194751931,49.1090070433,48.7479927817,50.5861543838,45.754767484,45.0090369568,47.7277941869,50.6629385839,51.0704705718,53.1029337313,53.8651366073,55.3511506622,52.6541174918,57.8911218402,60.6766112775
Money and quasi money (M2) as % of GDP,465,Mexico,MEX,Money and quasi money (M2) as % of GDP,FM.LBL.MQMY.GD.ZS,24.0631634653,25.5870625049,23.7488131442,29.563179021,28.8082643438,28.3212560751,23.1819896543,26.3048513383,26.1331766936,26.5877865915,26.607246986,26.9411288868,25.7526106409,26.2138487467,26.5585431196,30.0174938701,30.8216860952,30.9433876784
"Mortality rate, adult, female (per 1,000 female adults)",468,Mexico,MEX,"Mortality rate, adult, female (per 1,000 female adults)",SP.DYN.AMRT.FE,106.6458,103.8972,101.1486,98.4,96.675,94.95,93.225,91.5,89.775,88.2108,86.6466,85.0824,83.5182,81.954,80.7926,79.6312,78.4698,77.3084
"Mortality rate, adult, male (per 1,000 male adults)",469,Mexico,MEX,"Mortality rate, adult, male (per 1,000 male adults)",SP.DYN.AMRT.MA,188.7082,182.9548,177.2014,171.448,169.6654,167.8828,166.1002,164.3176,162.535,159.7608,156.9866,154.2124,151.4382,148.664,146.6046,144.5452,142.4858,140.4264
"Mortality rate, infant (per 1,000 live births)",470,Mexico,MEX,"Mortality rate, infant (per 1,000 live births)",SP.DYN.IMRT.IN,30.4,28.8,27.3,25.8,24.3,22.9,21.6,20.4,19.3,18.2,17.4,16.7,16.2,15.8,15.4,15.0,14.4,13.8
Net barter terms of trade index (2000 = 100),477,Mexico,MEX,Net barter terms of trade index (2000 = 100),TT.PRI.MRCH.XD.WD,95.9183673469,92.4528301887,96.1165048544,97.0588235294,94.0,95.0,100.0,97.3821989529,97.8658844948,98.8200297471,101.643214657,103.58877496,104.070918323,105.058460539,105.852163922,94.0436375219,101.19102153,108.453109435
Net taxes on products (constant LCU),541,Mexico,MEX,Net taxes on products (constant LCU),NY.TAX.NIND.KN,2.1898075e+11,2.0637025e+11,2.1849425e+11,2.3370775e+11,2.44696e+11,2.512225e+11,2.6452825e+11,2.6292675e+11,2.6327375e+11,2.6701875e+11,2.78292e+11,2.8700675e+11,3.0137925e+11,3.1114975e+11,3.1566375e+11,3.00809e+11,3.1648025e+11,3.2882275e+11
Newborns protected against tetanus (%),548,Mexico,MEX,Newborns protected against tetanus (%),SH.VAC.TTNS.ZS,69.0,71.0,73.0,75.0,77.0,79.0,81.0,83.0,85.0,88.0,85.0,86.0,87.0,87.0,87.0,87.0,88.0,88.0
Number of infant deaths,549,Mexico,MEX,Number of infant deaths,SH.DTH.IMRT,75657.0,71687.0,68158.0,64662.0,61088.0,57577.0,54083.0,50708.0,47433.0,44140.0,41705.0,39703.0,38229.0,37141.0,36165.0,35253.0,33891.0,32579.0
Number of under-five deaths,551,Mexico,MEX,Number of under-five deaths,SH.DTH.MORT,92366.0,86981.0,82275.0,77596.0,73075.0,68589.0,64086.0,59954.0,55646.0,52056.0,49081.0,46553.0,44763.0,43385.0,42138.0,40965.0,39580.0,37776.0
"Persistence to grade 5, female (% of cohort)",562,Mexico,MEX,"Persistence to grade 5, female (% of cohort)",SE.PRM.PRS5.FE.ZS,85.6171,82.81258,86.74689,87.70764,89.78321,89.9975967407,89.2668762207,91.2684326172,93.5630569458,93.5006103516,94.4015426636,95.2023391724,95.4746627808,94.7527923584,96.7407608032,96.7733383179,97.1086807251,97.3246307373
"Persistence to grade 5, male (% of cohort)",563,Mexico,MEX,"Persistence to grade 5, male (% of cohort)",SE.PRM.PRS5.MA.ZS,83.7149,81.66852,86.47284,87.81945,88.14042,88.0503387451,87.3464202881,89.7110290527,92.1523666382,91.8189163208,93.2940673828,93.5390930176,93.803352356,93.1514816284,95.2065963745,95.1967926025,95.8501663208,96.1780700684
"Persistence to grade 5, total (% of cohort)",564,Mexico,MEX,"Persistence to grade 5, total (% of cohort)",SE.PRM.PRS5.ZS,84.64292,82.2273,86.60689,87.76464,88.94436,89.0037231445,88.2877578735,90.4751815796,92.8448028564,92.6436462402,93.8374786377,94.3530273438,94.6208114624,93.9351196289,95.9585189819,95.9697113037,96.4677429199,96.7403335571
"Persistence to last grade of primary, female (% of cohort)",565,Mexico,MEX,"Persistence to last grade of primary, female (% of cohort)",SE.PRM.PRSL.FE.ZS,80.55305,79.77071,84.10889,83.30073,87.89222,88.4703216553,88.4167861938,90.0668869019,92.1650924683,91.5344390869,92.4305801392,93.2923583984,93.5037536621,92.6229324341,95.1182937622,95.1764984131,95.8753967285,96.5216674805
"Persistence to last grade of primary, male (% of cohort)",566,Mexico,MEX,"Persistence to last grade of primary, male (% of cohort)",SE.PRM.PRSL.MA.ZS,78.32663,77.7362,82.99396,83.0837,85.65177,86.0332336426,85.9379425049,87.9527664185,90.1802368164,89.2757415771,90.844833374,91.0266036987,91.2426681519,90.4485778809,92.9481430054,93.16822052,94.1685333252,95.0118789673
"Persistence to last grade of primary, total (% of cohort)",567,Mexico,MEX,"Persistence to last grade of primary, total (% of cohort)",SE.PRM.PRSL.ZS,79.41283,78.72985,83.53933,83.1901,86.74591,87.2249832153,87.1516494751,88.989982605,91.1543197632,90.3838195801,91.6240921021,92.135383606,92.3488006592,91.5125274658,94.0103912354,94.1522827148,95.0052108765,95.7526702881
Population ages 0-14 (% of total),585,Mexico,MEX,Population ages 0-14 (% of total),SP.POP.0014.TO.ZS,36.6627948146,36.1877095972,35.7783158565,35.4041275629,35.0470774543,34.6839050636,34.3030869308,33.9285651073,33.5533154129,33.1756224514,32.7992004125,32.42483278,31.941494372,31.4578114954,30.9697698032,30.4740688257,29.9725600451,29.4863274972
Population ages 15-64 (% of total),586,Mexico,MEX,Population ages 15-64 (% of total),SP.POP.1564.TO.ZS,58.784372049,59.1842682278,59.5138077707,59.8079158383,60.0867937415,60.3762465738,60.6882080573,60.9985423673,61.3147937023,61.6323529084,61.9399086008,62.232820187,62.6235139578,63.0012050447,63.3756651061,63.7580523055,64.1491905135,64.5346006823
Population ages 65 and above (% of total),587,Mexico,MEX,Population ages 65 and above (% of total),SP.POP.65UP.TO.ZS,4.55283313641,4.62802217494,4.70787637275,4.78795659878,4.86612880427,4.93984836259,5.00870501191,5.07289252546,5.13189088473,5.19202464013,5.2608909867,5.34234703303,5.43499167022,5.54098345992,5.65456509065,5.76787886879,5.87824944139,5.97907182048
Population density (people per sq. km of land area),588,Mexico,MEX,Population density (people per sq. km of land area),EN.POP.DNST,47.6677198488,48.5747812444,49.47746084,50.3746624142,51.2525008359,52.0931968415,52.8864374084,53.6225535636,54.3112204532,54.9851683428,55.6896123871,56.4561362175,57.2971820263,58.2007633941,59.1439188251,60.091880964,61.0188235294,61.9178842048
Population growth (annual %),589,Mexico,MEX,Population growth (annual %),SP.POP.GROW,1.93583777066,1.88500557152,1.84127375205,1.79710894758,1.72760948381,1.62699477483,1.51125629237,1.38228307178,1.27610887574,1.23326385979,1.27301550182,1.3670349114,1.47874567107,1.56470281744,1.60753043686,1.59009645451,1.53076587184,1.46266598583
Population in largest city,590,Mexico,MEX,Population in largest city,EN.URB.LCTY,16733092.0,17017469.0,17307081.0,17600805.0,17899928.0,18204136.0,18457027.0,18617824.0,18780246.0,18944086.0,19109583.0,19276065.0,19444230.0,19613862.0,19785210.0,19957578.0,20131688.0,20307317.0
Population in the largest city (% of urban population),591,Mexico,MEX,Population in the largest city (% of urban population),EN.URB.LCTY.UR.ZS,24.741904087,24.5636184225,24.425342421,24.3119873764,24.2174927929,24.1485898166,24.0261317809,23.7998695584,23.6024408676,23.4180324929,23.2271260051,23.0171776154,22.7849065115,22.5368455716,22.2831361979,22.0370758066,21.8078143684,21.5973385586
Population in urban agglomerations of more than 1 million,592,Mexico,MEX,Population in urban agglomerations of more than 1 million,EN.URB.MCTY,32335222.0,33050929.0,33785837.0,34537421.0,35309329.0,36101123.0,36799052.0,37316722.0,37843785.0,38379700.0,38925396.0,39478773.0,40042277.0,40615333.0,41198937.0,41790849.0,42393684.0,43006831.0
Population in urban agglomerations of more than 1 million (% of total population),593,Mexico,MEX,Population in urban agglomerations of more than 1 million (% of total population),EN.URB.MCTY.TL.ZS,34.8952551671,35.0015863057,35.127091211,35.2689609712,35.439640914,35.649595913,35.7937522536,35.7990008074,35.8442843608,35.9063224231,35.9561972344,35.972233493,35.9501256104,35.8984954257,35.833631498,35.775054622,35.7398098841,35.7302655847
"Population, female (% of total)",594,Mexico,MEX,"Population, female (% of total)",SP.POP.TOTL.FE.ZS,50.3349770413,50.3469941726,50.3548938774,50.3592387401,50.3603013316,50.3585665042,50.3544781618,50.348087127,50.3395731037,50.3296736977,50.3193201134,50.3092541921,50.2997440621,50.2908642574,50.2828820735,50.2760024919,50.2703259523,50.2659832835
"Population, total",595,Mexico,MEX,"Population, total",SP.POP.TOTL,92663664.0,94426946.0,96181710.0,97925825.0,99632299.0,101266570.0,102808590.0,104239563.0,105578297.0,106888418.0,108257822.0,109747906.0,111382857.0,113139374.0,114972821.0,116815612.0,118617542.0,120365271.0
"PPP conversion factor, GDP (LCU per international $)",675,Mexico,MEX,"PPP conversion factor, GDP (LCU per international $)",PA.NUS.PPP,2.169263,2.929329,3.761274,4.353038,4.968136,5.63367,6.093606,6.304869,6.553697,6.799628,7.170685,7.126862,7.186155,7.347536,7.469532,7.431823,7.669732,7.673013
"PPP conversion factor, private consumption (LCU per international $)",676,Mexico,MEX,"PPP conversion factor, private consumption (LCU per international $)",PA.NUS.PRVT.PP,2.407884,3.160772,4.045769,4.633722,5.539584,6.22464,6.663739,7.007236,7.237584,7.435219,7.678832,7.648331,7.704861,7.895315,8.158591,8.602424,8.83902,8.940212
Prevalence of anemia among children (% of children under 5),677,Mexico,MEX,Prevalence of anemia among children (% of children under 5),SH.ANM.CHLD.ZS,35.8,35.2,34.6,33.9,33.3,32.6,32.1,31.3,30.9,30.3,29.8,29.2,28.4,27.7,27.0,26.4,26.1,25.9
Prevalence of anemia among pregnant women (%),679,Mexico,MEX,Prevalence of anemia among pregnant women (%),SH.PRG.ANEM,32.1,31.8,31.6,31.2,30.8,30.4,29.8,29.2,28.6,27.9,27.2,26.4,25.6,24.7,23.8,22.8,21.9,21.0
"Prevalence of HIV, female (% ages 15-24)",680,Mexico,MEX,"Prevalence of HIV, female (% ages 15-24)",SH.HIV.1524.FE.ZS,0.1,0.1,0.1,0.1,0.1,0.1,0.1,0.1,0.1,0.1,0.1,0.1,0.1,0.1,0.1,0.1,0.1,0.1
Prevalence of undernourishment (% of population),683,Mexico,MEX,Prevalence of undernourishment (% of population),SN.ITK.DEFC.ZS,6.6,6.4,6.1,5.8,5.5,5.0,5.0,5.0,5.0,5.4,5.5,5.3,5.0,5.0,5.0,5.0,5.0,5.0
Price level ratio of PPP conversion factor (GDP) to market exchange rate,684,Mexico,MEX,Price level ratio of PPP conversion factor (GDP) to market exchange rate,PA.NUS.PPPC.RF,0.642725568414,0.456324407549,0.494943545343,0.549730129363,0.543797742366,0.589271368834,0.644444153586,0.674873288152,0.678717575268,0.630237119185,0.635361066808,0.653967044084,0.659328666324,0.672346406545,0.671135071026,0.549955451955,0.60697467553,0.617630822728
"Primary education, duration (years)",688,Mexico,MEX,"Primary education, duration (years)",SE.PRM.DURS,6.0,6.0,6.0,6.0,6.0,6.0,6.0,6.0,6.0,6.0,6.0,6.0,6.0,6.0,6.0,6.0,6.0,6.0
"Primary education, pupils",689,Mexico,MEX,"Primary education, pupils",SE.PRM.ENRL,14469450.0,14574202.0,14623438.0,14650521.0,14647797.0,14697915.0,14765603.0,14792528.0,14843381.0,14857191.0,14781327.0,14700005.0,14595195.0,14631498.0,14699146.0,14861232.0,14906476.0,14934663.0
"Primary education, pupils (% female)",690,Mexico,MEX,"Primary education, pupils (% female)",SE.PRM.ENRL.FE.ZS,48.36202,48.44139,48.42204,48.4798,48.55562,48.6382713318,48.7258911133,48.7849502563,48.8140602112,48.815120697,48.8213005066,48.7635116577,48.7414512634,48.7775115967,48.7980003357,48.8316917419,48.8726196289,48.886631012
"Primary education, teachers",691,Mexico,MEX,"Primary education, teachers",SE.PRM.TCHR,496472.0,507669.0,516051.0,524927.0,531389.0,539853.0,543694.0,548215.0,552409.0,557278.0,519161.0,519112.0,521183.0,522733.0,524517.0,528555.0,529599.0,531256.0
Primary school starting age (years),693,Mexico,MEX,Primary school starting age (years),SE.PRM.AGES,6.0,6.0,6.0,6.0,6.0,6.0,6.0,6.0,6.0,6.0,6.0,6.0,6.0,6.0,6.0,6.0,6.0,6.0
"Pupil-teacher ratio, primary",709,Mexico,MEX,"Pupil-teacher ratio, primary",SE.PRM.ENRL.TC.ZS,29.14454,28.70808,28.3372,27.90964,27.56511,27.2257709503,27.1579303741,26.9830799103,26.8702697754,26.6602897644,28.4715690613,28.3176002502,28.0039691925,27.9903907776,28.0241603851,28.1167201996,28.1467208862,28.111989975
"Pupil-teacher ratio, secondary",710,Mexico,MEX,"Pupil-teacher ratio, secondary",SE.SEC.ENRL.TC.ZS,16.3721,16.20095,16.22758,16.31588,16.92203,16.8032798767,16.9228496552,16.877199173,16.9642391205,17.140630722,17.9465293884,17.8016395569,17.8304195404,17.9158096313,18.007440567,17.6396808624,17.9126091003,17.6773109436
Ratio of female to male labor force participation rate (%) (modeled ILO estimate),715,Mexico,MEX,Ratio of female to male labor force participation rate (%) (modeled ILO estimate),SL.TLF.CACT.FM.ZS,43.5349933978,45.7177332066,45.607704238,47.613365242,47.2553663866,46.6907339946,47.4514535802,46.886447876,47.9754582505,47.7132234191,50.1844990228,50.866332824,51.7791420404,52.83251618,53.6374855961,53.7013812747,54.4099369404,54.4080603687
Ratio of female to male labor force participation rate (%) (national estimate),716,Mexico,MEX,Ratio of female to male labor force participation rate (%) (national estimate),SL.TLF.CACT.FM.NE.ZS,43.0604957568,45.5314002095,45.4106245028,47.4820116902,47.2422072003,46.3768117277,47.5550123162,46.8557345437,47.8314745153,47.6846029368,50.124072321,50.8771891247,51.672865353,52.8678343383,53.6159621399,53.689569443,54.3505634495,54.3367316901
Rural population,733,Mexico,MEX,Rural population,SP.RUR.TOTL,25033089.0,25147784.0,25324644.0,25530242.0,25719082.0,25882723.0,25987955.0,26012983.0,26009213.0,25993125.0,25985125.0,26001474.0,26044653.0,26109173.0,26182761.0,26251972.0,26303440.0,26338329.0
Rural population (% of total population),734,Mexico,MEX,Rural population (% of total population),SP.RUR.TOTL.ZS,27.015,26.632,26.33,26.071,25.814,25.559,25.278,24.955,24.635,24.318,24.003,23.692,23.383,23.077,22.773,22.473,22.175,21.882
"School enrollment, primary (% gross)",740,Mexico,MEX,"School enrollment, primary (% gross)",SE.PRM.ENRR,109.77901,109.65043,108.95329,108.14704,107.10428,106.473022461,106.042106628,105.453681946,105.107658386,104.523368835,103.367492676,102.266372681,101.126487732,101.196647644,101.619422913,102.866340637,103.504127502,104.188842773
"School enrollment, primary (% net)",741,Mexico,MEX,"School enrollment, primary (% net)",SE.PRM.NENR,96.96511,96.71876,96.29511,95.69222,95.61656,95.762336731,96.0699386597,96.3073501587,96.5056991577,95.8302383423,94.7953033447,93.7548675537,92.9780731201,93.0155181885,93.1879272461,93.8806533813,94.759803772,95.5810317993
"School enrollment, primary (gross), gender parity index (GPI)",742,Mexico,MEX,"School enrollment, primary (gross), gender parity index (GPI)",SE.ENR.PRIM.FM.ZS,0.95117,0.94484,0.93482,0.93011,0.93091,0.935840010643,0.943470001221,0.950919985771,0.955669999123,0.960730016232,0.96737998724,0.972949981689,0.980989992619,0.989489972591,0.995859980583,1.0007699728,1.00363004208,1.00366997719
"School enrollment, primary and secondary (gross), gender parity index (GPI)",743,Mexico,MEX,"School enrollment, primary and secondary (gross), gender parity index (GPI)",SE.ENR.PRSC.FM.ZS,0.97057,0.97116,0.96408,0.95535,0.95534,0.960259974003,0.966419994831,0.972859978676,0.978060007095,0.987900018692,0.986199975014,0.989579975605,0.998409986496,1.00811004639,1.0184700489,1.02727997303,1.03144001961,1.03437995911
"School enrollment, primary, female (% gross)",744,Mexico,MEX,"School enrollment, primary, female (% gross)",SE.PRM.ENRR.FE,107.01092,106.53186,105.29026,104.25268,103.29727,102.964118958,102.968711853,102.802940369,102.722763062,102.422561646,101.642059326,100.84903717,100.141197205,100.651863098,101.404129028,102.906852722,103.696342468,104.384048462
"School enrollment, primary, male (% gross)",745,Mexico,MEX,"School enrollment, primary, male (% gross)",SE.PRM.ENRR.MA,112.50458,112.75152,112.63197,112.08695,110.9642,110.02368927,109.137741089,108.108970642,107.487548828,106.608802795,105.068939209,103.652786255,102.081550598,101.720939636,101.825462341,102.827713013,103.321060181,104.002807617
"School enrollment, secondary (% gross)",747,Mexico,MEX,"School enrollment, secondary (% gross)",SE.SEC.ENRR,54.75514,57.13899,59.69593,62.04876,65.58296,67.6348724365,70.0366210938,71.5148162842,73.7996063232,77.1555099487,78.2518081665,78.8035964966,80.4124984741,81.5880126953,83.3166122437,82.8797607422,83.6622924805,84.0513305664
"School enrollment, secondary (gross), gender parity index (GPI)",749,Mexico,MEX,"School enrollment, secondary (gross), gender parity index (GPI)",SE.ENR.SECO.FM.ZS,1.008,1.0154,1.00817,0.99259,0.99231,0.999010026455,1.00419998169,1.01058995724,1.01786005497,1.03483998775,1.02051997185,1.02082002163,1.02952003479,1.03979003429,1.05388998985,1.06796002388,1.07195997238,1.07691001892
"School enrollment, secondary, female (% gross)",750,Mexico,MEX,"School enrollment, secondary, female (% gross)",SE.SEC.ENRR.FE,54.9759,57.58178,59.94252,61.81582,65.3287,67.6015167236,70.1829833984,71.8897094727,74.4470214844,78.4604873657,79.0356369019,79.6047134399,81.5689620972,83.1684875488,85.4989318848,85.6134567261,86.5954971313,87.211479187
"School enrollment, secondary, male (% gross)",751,Mexico,MEX,"School enrollment, secondary, male (% gross)",SE.SEC.ENRR.MA,54.53948,56.70847,59.45669,62.27754,65.83516,67.668182373,69.8895568848,71.1361999512,73.1403884888,75.8188934326,77.4464492798,77.980796814,79.230178833,79.9860687256,81.1267318726,80.1655273438,80.7823791504,80.9828491211
"School enrollment, tertiary (% gross)",752,Mexico,MEX,"School enrollment, tertiary (% gross)",SE.TER.ENRR,13.36984,13.80781,14.86367,15.69496,16.90669,18.0466594696,19.2951602936,20.0968399048,21.0692996979,21.9415607452,22.7666397095,23.314699173,23.7900295258,24.390920639,25.0961608887,25.6534805298,26.7393894196,27.6868305206
"School enrollment, tertiary (gross), gender parity index (GPI)",753,Mexico,MEX,"School enrollment, tertiary (gross), gender parity index (GPI)",SE.ENR.TERT.FM.ZS,0.81649,0.83934,0.87445,0.89731,0.92027,0.935869991779,0.954050004482,0.964169979095,0.96850001812,0.97158998251,0.974409997463,0.976419985294,0.967890024185,0.966120004654,0.964370012283,0.964739978313,0.961279988289,0.959839999676
"School enrollment, tertiary, female (% gross)",754,Mexico,MEX,"School enrollment, tertiary, female (% gross)",SE.TER.ENRR.FE,12.04664,12.62548,13.88201,14.85235,16.20654,17.4482898712,18.8404598236,19.7299194336,20.733039856,21.6276302338,22.4750709534,23.0412597656,23.4099407196,23.9801692963,24.6514701843,25.2033004761,26.2218704224,27.1283893585
"School enrollment, tertiary, male (% gross)",755,Mexico,MEX,"School enrollment, tertiary, male (% gross)",SE.TER.ENRR.MA,14.75418,15.04216,15.87519,16.55209,17.61061,18.6439208984,19.7479305267,20.4631900787,21.4073505402,22.2601394653,23.065410614,23.5975799561,24.1867008209,24.8209896088,25.5622806549,26.1244602203,27.2781600952,28.2633991241
"Secondary education, duration (years)",757,Mexico,MEX,"Secondary education, duration (years)",SE.SEC.DURS,6.0,6.0,6.0,6.0,6.0,6.0,6.0,6.0,6.0,6.0,6.0,6.0,6.0,6.0,6.0,6.0,6.0,6.0
"Secondary education, general pupils (% female)",759,Mexico,MEX,"Secondary education, general pupils (% female)",SE.SEC.ENRL.GC.FE.ZS,48.36477,48.54003,48.38255,48.46342,48.65732,48.9613418579,49.1820983887,49.5453109741,49.8053703308,50.010848999,50.1059494019,50.2921981812,50.4536895752,50.5518302917,50.6189002991,50.566368103,50.3384513855,50.1949615479
"Secondary education, pupils (% female)",761,Mexico,MEX,"Secondary education, pupils (% female)",SE.SEC.ENRL.FE.ZS,49.61571,49.67996,49.44512,49.36444,49.60433,49.9482803345,50.2231903076,50.5112380981,50.8944587708,51.4549484253,51.1848487854,51.1829681396,51.280090332,51.3124084473,51.398349762,51.4645118713,51.2785415649,51.1162796021
"Secondary education, vocational pupils (% female)",764,Mexico,MEX,"Secondary education, vocational pupils (% female)",SE.SEC.ENRL.VO.FE.ZS,59.30882,58.45693,57.85445,56.54312,55.55374,55.911819458,56.1070518494,55.9407691956,57.0930213928,59.2524299622,57.396648407,56.6326904297,56.0685005188,55.6003608704,55.4262809753,56.4104309082,56.2095794678,55.9787902832
"Self-employed, female (% of females employed)",765,Mexico,MEX,"Self-employed, female (% of females employed)",SL.EMP.SELF.FE.ZS,42.5999984741,40.7999992371,39.0999984741,41.4000015259,38.5,38.0,35.4000015259,35.7000007629,36.7999992371,36.9000015259,37.2999992371,35.5,34.7000007629,34.9000015259,34.9000015259,34.4000015259,35.5,34.7999992371
"Self-employed, male (% of males employed)",766,Mexico,MEX,"Self-employed, male (% of males employed)",SL.EMP.SELF.MA.ZS,44.2000007629,41.7999992371,40.9000015259,41.0999984741,39.0,38.4000015259,36.5,37.0,37.0999984741,36.7000007629,36.4000015259,35.7999992371,34.5,34.2999992371,33.7000007629,33.4000015259,34.2000007629,33.0999984741
"Self-employed, total (% of total employed)",767,Mexico,MEX,"Self-employed, total (% of total employed)",SL.EMP.SELF.ZS,43.7000007629,41.5,40.2999992371,41.2000007629,38.7999992371,38.2999992371,36.0999984741,36.5,37.0,36.7999992371,36.7000007629,35.7000007629,34.5999984741,34.5,34.0999984741,33.7999992371,34.7000007629,33.7000007629
"Services, etc., value added (% of GDP)",768,Mexico,MEX,"Services, etc., value added (% of GDP)",NV.SRV.TETC.ZS,64.7045287249,63.1622381274,60.5916074088,61.055109943,61.9913533486,61.9834586865,61.6066768945,63.309428411,63.5474905295,62.701572761,61.0460465312,61.4570194301,60.2724181343,60.5799656701,60.1531564315,62.1869913822,61.4533836543,60.3256536676
"Services, etc., value added (constant 2005 US$)",770,Mexico,MEX,"Services, etc., value added (constant 2005 US$)",NV.SRV.TETC.KD,3.87159658529e+11,3.6983613928e+11,3.83709167138e+11,4.06031527762e+11,4.23467290634e+11,4.37536284818e+11,4.63431180774e+11,4.62481370111e+11,4.63600966255e+11,4.70050674468e+11,4.91048832344e+11,5.1011562787e+11,5.37222022935e+11,5.602487863e+11,5.74659251507e+11,5.5223892772e+11,5.83579939491e+11,6.11270073401e+11
"Services, etc., value added (constant LCU)",771,Mexico,MEX,"Services, etc., value added (constant LCU)",NV.SRV.TETC.KN,4.8393395e+12,4.6228025e+12,4.79620975e+12,5.07523025e+12,5.29317025e+12,5.469027e+12,5.79270275e+12,5.7808305e+12,5.794825e+12,5.87544375e+12,6.13791225e+12,6.3762395e+12,6.7150585e+12,7.00288375e+12,7.18300875e+12,6.90276375e+12,7.29451375e+12,7.64062925e+12
Surface area (sq. km),781,Mexico,MEX,Surface area (sq. km),AG.SRF.TOTL.K2,1964380.0,1964380.0,1964380.0,1964380.0,1964380.0,1964380.0,1964380.0,1964380.0,1964380.0,1964380.0,1964380.0,1964380.0,1964380.0,1964380.0,1964380.0,1964380.0,1964380.0,1964380.0
"Survival to age 65, female (% of cohort)",782,Mexico,MEX,"Survival to age 65, female (% of cohort)",SP.DYN.TO65.FE.ZS,80.94993,81.42125,81.89257,82.363899,82.72386,83.08382,83.44379,83.80375,84.163707,84.46421,84.76471,85.06521,85.36571,85.66622,85.89711,86.128,86.35889,86.58978
"Survival to age 65, male (% of cohort)",783,Mexico,MEX,"Survival to age 65, male (% of cohort)",SP.DYN.TO65.MA.ZS,71.15123,71.96527,72.77931,73.593366,73.94831,74.30325,74.6582,75.01314,75.368095,75.77471,76.18133,76.58794,76.99456,77.401188,77.73569,78.07021,78.40472,78.73923
Trade (% of GDP),809,Mexico,MEX,Trade (% of GDP),NE.TRD.GNFS.ZS,29.2971480419,46.1115949754,50.7241257734,49.3201583135,51.7760980309,51.268901099,53.1310512627,48.5280469404,48.371083585,51.235270431,54.2264128628,54.5764462368,56.3622988335,57.0647518066,58.0710871873,56.0347937432,60.9465349542,63.776523265
Urban population,830,Mexico,MEX,Urban population,SP.URB.TOTL,67630575.0,69279162.0,70857066.0,72395583.0,73913217.0,75383847.0,76820635.0,78226580.0,79569084.0,80895293.0,82272697.0,83746432.0,85338204.0,87030201.0,88790060.0,90563640.0,92314102.0,94026942.0
Urban population (% of total),831,Mexico,MEX,Urban population (% of total),SP.URB.TOTL.IN.ZS,72.985,73.368,73.67,73.929,74.186,74.441,74.722,75.045,75.365,75.682,75.997,76.308,76.617,76.923,77.227,77.527,77.825,78.118
Urban population growth (annual %),832,Mexico,MEX,Urban population growth (annual %),SP.URB.GROW,2.46749376788,2.40839946433,2.25205246535,2.14805962517,2.07463725162,1.97013595345,1.88802676661,1.81361985372,1.70161379495,1.6530013983,1.68836635158,1.77542638669,1.8828665495,1.96329640396,2.00195104486,1.97781011976,1.91441062438,1.83844439873
"Wage and salaried workers, female (% of females employed)",835,Mexico,MEX,"Wage and salaried workers, female (% of females employed)",SL.EMP.WORK.FE.ZS,57.4000015259,59.0999984741,60.9000015259,58.5999984741,61.5,62.0,64.5999984741,64.3000030518,63.2000007629,63.0999984741,62.7000007629,64.5,65.3000030518,65.0999984741,65.0999984741,65.5999984741,64.5,65.1999969482
"Wage and salaried workers, total (% of total employed)",836,Mexico,MEX,"Wage and salaried workers, total (% of total employed)",SL.EMP.WORK.ZS,56.2999992371,58.4000015259,59.5999984741,58.7999992371,61.0999984741,61.7000007629,63.9000015259,63.4000015259,63.0,63.2000007629,63.2999992371,64.3000030518,65.4000015259,65.5,65.9000015259,66.1999969482,65.3000030518,66.3000030518
"Wage and salary workers, male (% of males employed)",837,Mexico,MEX,"Wage and salary workers, male (% of males employed)",SL.EMP.WORK.MA.ZS,55.7999992371,58.0999984741,59.0,58.9000015259,60.9000015259,61.5999984741,63.5,63.0,62.7999992371,63.2000007629,63.5999984741,64.1999969482,65.5,65.6999969482,66.3000030518,66.5999984741,65.8000030518,66.9000015259
Women's share of population ages 15+ living with HIV (%),839,Mexico,MEX,Women's share of population ages 15+ living with HIV (%),SH.DYN.AIDS.FE.ZS,14.0982628793,14.2859270557,14.6483818212,14.985154159,15.3093340432,15.6193587487,15.9870506508,16.3873318089,16.8021039567,17.2449763066,17.6880659274,18.1192935061,18.5753726728,19.0373637052,19.4697372877,19.7931082548,20.029433332,20.203783515
